<?xml version="1.0" encoding="UTF-8"?>
<!DOCTYPE mapper PUBLIC "-//mybatis.org//DTD Mapper 3.0//EN" "http://mybatis.org/dtd/mybatis-3-mapper.dtd">
<mapper namespace="com.tongji.softwaretest.shikebackend.mapper.GoodsMapper">
    <resultMap id="BaseResultMap" type="com.tongji.softwaretest.shikebackend.entity.Goods">
        <id column="goods_id" jdbcType="INTEGER" property="goodsId" />
        <result column="goods_category" jdbcType="VARCHAR" property="goodsCategory" />
        <result column="goods_name" jdbcType="VARCHAR" property="goodsName" />
        <result column="goods_price" jdbcType="REAL" property="goodsPrice" />
        <result column="goods_sales_amount" jdbcType="INTEGER" property="goodsSalesAmount" />
        <result column="goods_image" jdbcType="VARCHAR" property="goodsImage" />
        <result column="t_store_store_id" jdbcType="INTEGER" property="tStoreStoreId" />
        <result column="t_category_category_id" jdbcType="INTEGER" property="tCategoryCategoryId" />
    </resultMap>
    <delete id="deleteByPrimaryKey" parameterType="java.lang.Integer">
        delete from t_goods
        where goods_id = #{goodsId,jdbcType=INTEGER}
    </delete>
    <insert id="insert" parameterType="com.tongji.softwaretest.shikebackend.entity.Goods">
        insert into t_goods (goods_id, goods_category, goods_name,
        goods_price, goods_sales_amount, goods_image,
        t_store_store_id, t_category_category_id)
        values (#{goodsId,jdbcType=INTEGER}, (select #{goodsCategory,jdbcType=VARCHAR} from t_category where category_id = #{tCategoryCategoryId,jdbcType=INTEGER} and category_name = #{goodsCategory,jdbcType=VARCHAR}),
        #{goodsName,jdbcType=VARCHAR},#{goodsPrice,jdbcType=REAL}, #{goodsSalesAmount,jdbcType=INTEGER}, #{goodsImage,jdbcType=VARCHAR},
        (select #{tStoreStoreId,jdbcType=INTEGER} from t_category where t_store_store_id = #{tStoreStoreId,jdbcType=INTEGER}),
        (select #{tCategoryCategoryId,jdbcType=INTEGER} from t_category where category_id = #{tCategoryCategoryId,jdbcType=INTEGER}))
    </insert>
    <update id="updateByPrimaryKey" parameterType="com.tongji.softwaretest.shikebackend.entity.Goods">
        update t_goods
        set goods_category = #{goodsCategory,jdbcType=VARCHAR},
        goods_name = #{goodsName,jdbcType=VARCHAR},
        goods_price = #{goodsPrice,jdbcType=REAL},
        goods_sales_amount = #{goodsSalesAmount,jdbcType=INTEGER},
        goods_image = #{goodsImage,jdbcType=VARCHAR},
        t_store_store_id = #{tStoreStoreId,jdbcType=INTEGER},
        t_category_category_id = #{tCategoryCategoryId,jdbcType=INTEGER}
        where goods_id = #{goodsId,jdbcType=INTEGER}
    </update>
    <select id="selectByPrimaryKey" parameterType="java.lang.Integer" resultMap="BaseResultMap">
        select goods_id, goods_category, goods_name, goods_price, goods_sales_amount, goods_image,
        t_store_store_id, t_category_category_id
        from t_goods
        where goods_id = #{goodsId,jdbcType=INTEGER}
    </select>
    <select id="selectAll" resultMap="BaseResultMap">
        select goods_id, goods_category, goods_name, goods_price, goods_sales_amount, goods_image,
        t_store_store_id, t_category_category_id
        from t_goods
    </select>
    <select id="selectByStoreId" parameterType="java.lang.Integer" resultMap="BaseResultMap">
        select goods_id, goods_category, goods_name, goods_price, goods_sales_amount, goods_image,
        t_store_store_id, t_category_category_id
        from t_goods
        where t_store_store_id = #{storeId,jdbcType=INTEGER}
    </select>
    <select id="getGoods" parameterType="java.lang.Integer" resultMap="BaseResultMap">
        select goods_id, goods_category, goods_name, goods_price, goods_sales_amount, goods_image,
               t_store_store_id, t_category_category_id
        from t_goods
        where t_category_category_id = #{categoryId,jdbcType=INTEGER}
    </select>
</mapper>