<?xml version="1.0" encoding="UTF-8"?>
<!DOCTYPE mapper PUBLIC "-//mybatis.org//DTD Mapper 3.0//EN" "http://mybatis.org/dtd/mybatis-3-mapper.dtd">
<mapper namespace="com.tongji.softwaretest.shikebackend.mapper.OrderGoodsMapper">
    <resultMap id="BaseResultMap" type="com.tongji.softwaretest.shikebackend.entity.OrderGoods">
        <id column="order_goods_id" jdbcType="INTEGER" property="orderGoodsId" />
        <result column="goods_name" jdbcType="VARCHAR" property="goodsName" />
        <result column="goods_count" jdbcType="INTEGER" property="goodsCount" />
        <result column="goods_price" jdbcType="VARCHAR" property="goodsPrice" />
        <result column="goods_image" jdbcType="VARCHAR" property="goodsImage" />
        <result column="order_id" jdbcType="VARCHAR" property="orderId" />
    </resultMap>
    <delete id="deleteByPrimaryKey" parameterType="java.lang.Integer">
        delete from t_order_goods
        where order_goods_id = #{orderGoodsId,jdbcType=INTEGER}
    </delete>
    <insert id="insert" parameterType="com.tongji.softwaretest.shikebackend.entity.OrderGoods">
        insert into t_order_goods (order_goods_id, goods_name, goods_count,
        goods_price, goods_image, order_id
        )
        values (#{orderGoodsId,jdbcType=INTEGER}, #{goodsName,jdbcType=VARCHAR}, #{goodsCount,jdbcType=INTEGER},
        #{goodsPrice,jdbcType=VARCHAR}, #{goodsImage,jdbcType=VARCHAR}, #{orderId,jdbcType=VARCHAR}
        )
    </insert>
    <update id="updateByPrimaryKey" parameterType="com.tongji.softwaretest.shikebackend.entity.OrderGoods">
        update t_order_goods
        set goods_name = #{goodsName,jdbcType=VARCHAR},
        goods_count = #{goodsCount,jdbcType=INTEGER},
        goods_price = #{goodsPrice,jdbcType=VARCHAR},
        goods_image = #{goodsImage,jdbcType=VARCHAR},
        order_id = #{orderId,jdbcType=VARCHAR}
        where order_goods_id = #{orderGoodsId,jdbcType=INTEGER}
    </update>
    <select id="selectByPrimaryKey" parameterType="java.lang.Integer" resultMap="BaseResultMap">
        select order_goods_id, goods_name, goods_count, goods_price, goods_image, order_id
        from t_order_goods
        where order_goods_id = #{orderGoodsId,jdbcType=INTEGER}
    </select>
    <select id="selectAll" resultMap="BaseResultMap">
        select order_goods_id, goods_name, goods_count, goods_price, goods_image, order_id
        from t_order_goods
    </select>
    <insert id="insertRecordBatch" parameterType="com.tongji.softwaretest.shikebackend.entity.OrderGoods" >
        insert into t_order_goods (order_goods_id, goods_name, goods_count,
        goods_price, goods_image, order_id
        )
        VALUES
        <foreach collection="list" item="item" index="index" separator=",">
            (#{item.orderGoodsId,jdbcType=INTEGER},#{item.goodsName,jdbcType=VARCHAR},#{item.goodsCount,jdbcType=INTEGER},
            #{item.goodsPrice,jdbcType=VARCHAR},#{item.goodsImage,jdbcType=VARCHAR},#{item.orderId,jdbcType=VARCHAR})
        </foreach>
    </insert>
    <delete id="deleteByOrderId" parameterType="java.lang.String" >
        delete from t_order_goods
        where order_id = #{orderId,jdbcType=VARCHAR}
    </delete>
    <select id="getGoods" parameterType="java.lang.String" resultMap="BaseResultMap">
        select order_goods_id, goods_name, goods_count, goods_price, goods_image,
               order_id
        from t_order_goods
        where order_id = #{orderId,jdbcType=VARCHAR}
    </select>
</mapper>