<?xml version="1.0" encoding="UTF-8"?>
<!DOCTYPE mapper PUBLIC "-//mybatis.org//DTD Mapper 3.0//EN" "http://mybatis.org/dtd/mybatis-3-mapper.dtd">
<mapper namespace="com.tongji.softwaretest.shikebackend.mapper.StoreMapper">
    <resultMap id="BaseResultMap" type="com.tongji.softwaretest.shikebackend.entity.Store">
        <id column="store_id" jdbcType="INTEGER" property="storeId" />
        <result column="store_name" jdbcType="VARCHAR" property="storeName" />
        <result column="sales_amount" jdbcType="INTEGER" property="salesAmount" />
        <result column="store_grade" jdbcType="REAL" property="storeGrade" />
        <result column="sending_price" jdbcType="INTEGER" property="sendingPrice" />
        <result column="delivery_cost" jdbcType="REAL" property="deliveryCost" />
        <result column="store_distance" jdbcType="INTEGER" property="storeDistance" />
        <result column="store_activity_tip1" jdbcType="VARCHAR" property="storeActivityTip1" />
        <result column="store_activity_tip2" jdbcType="VARCHAR" property="storeActivityTip2" />
        <result column="store_image" jdbcType="VARCHAR" property="storeImage" />
        <result column="brief_introduction" jdbcType="VARCHAR" property="briefIntroduction" />
        <result column="store_notice" jdbcType="VARCHAR" property="storeNotice" />
        <result column="store_tel" jdbcType="VARCHAR" property="storeTel" />
        <result column="store_address" jdbcType="VARCHAR" property="storeAddress" />
        <result column="send_start_time" jdbcType="VARCHAR" property="sendStartTime" />
        <result column="sent_end_time" jdbcType="VARCHAR" property="sentEndTime" />
        <result column="store_qualification" jdbcType="VARCHAR" property="storeQualification" />
    </resultMap>
    <delete id="deleteByPrimaryKey" parameterType="java.lang.Integer">
        delete from t_store
        where store_id = #{storeId,jdbcType=INTEGER}
    </delete>
    <insert id="insert" parameterType="com.tongji.softwaretest.shikebackend.entity.Store">
        insert into t_store (store_id, store_name, sales_amount,
        store_grade, sending_price, delivery_cost,
        store_distance, store_activity_tip1, store_activity_tip2,
        store_image, brief_introduction, store_notice,
        store_tel, store_address, send_start_time,
        sent_end_time, store_qualification)
        values (#{storeId,jdbcType=INTEGER}, #{storeName,jdbcType=VARCHAR}, #{salesAmount,jdbcType=INTEGER},
        #{storeGrade,jdbcType=REAL}, #{sendingPrice,jdbcType=INTEGER}, #{deliveryCost,jdbcType=REAL},
        #{storeDistance,jdbcType=INTEGER}, #{storeActivityTip1,jdbcType=VARCHAR}, #{storeActivityTip2,jdbcType=VARCHAR},
        #{storeImage,jdbcType=VARCHAR}, #{briefIntroduction,jdbcType=VARCHAR}, #{storeNotice,jdbcType=VARCHAR},
        #{storeTel,jdbcType=VARCHAR}, #{storeAddress,jdbcType=VARCHAR}, #{sendStartTime,jdbcType=VARCHAR},
        #{sentEndTime,jdbcType=VARCHAR}, #{storeQualification,jdbcType=VARCHAR})
    </insert>
    <update id="updateByPrimaryKey" parameterType="com.tongji.softwaretest.shikebackend.entity.Store">
        update t_store
        set store_name = #{storeName,jdbcType=VARCHAR},
        sales_amount = #{salesAmount,jdbcType=INTEGER},
        store_grade = #{storeGrade,jdbcType=REAL},
        sending_price = #{sendingPrice,jdbcType=INTEGER},
        delivery_cost = #{deliveryCost,jdbcType=REAL},
        store_distance = #{storeDistance,jdbcType=INTEGER},
        store_activity_tip1 = #{storeActivityTip1,jdbcType=VARCHAR},
        store_activity_tip2 = #{storeActivityTip2,jdbcType=VARCHAR},
        store_image = #{storeImage,jdbcType=VARCHAR},
        brief_introduction = #{briefIntroduction,jdbcType=VARCHAR},
        store_notice = #{storeNotice,jdbcType=VARCHAR},
        store_tel = #{storeTel,jdbcType=VARCHAR},
        store_address = #{storeAddress,jdbcType=VARCHAR},
        send_start_time = #{sendStartTime,jdbcType=VARCHAR},
        sent_end_time = #{sentEndTime,jdbcType=VARCHAR},
        store_qualification = #{storeQualification,jdbcType=VARCHAR}
        where store_id = #{storeId,jdbcType=INTEGER}
    </update>
    <select id="selectByPrimaryKey" parameterType="java.lang.Integer" resultMap="BaseResultMap">
        select store_id, store_name, sales_amount, store_grade, sending_price, delivery_cost,
        store_distance, store_activity_tip1, store_activity_tip2, store_image, brief_introduction,
        store_notice, store_tel, store_address, send_start_time, sent_end_time, store_qualification
        from t_store
        where store_id = #{storeId,jdbcType=INTEGER}
    </select>
    <select id="selectAll" resultMap="BaseResultMap">
        select store_id, store_name, sales_amount, store_grade, sending_price, delivery_cost,
        store_distance, store_activity_tip1, store_activity_tip2, store_image, brief_introduction,
        store_notice, store_tel, store_address, send_start_time, sent_end_time, store_qualification
        from t_store
    </select>
    <select id="getGoods" parameterType="java.lang.Integer" resultType="com.tongji.softwaretest.shikebackend.entity.Goods">
        select goods_id, goods_category, goods_name, goods_price, goods_sales_amount, goods_image,
               t_store_store_id
        from t_goods
        where t_store_store_id = #{store_id,jdbcType=INTEGER}
    </select>
</mapper>