<?xml version="1.0" encoding="UTF-8"?>
<!DOCTYPE mapper PUBLIC "-//mybatis.org//DTD Mapper 3.0//EN"
        "http://mybatis.org/dtd/mybatis-3-mapper.dtd">
<mapper namespace="com.tongji.softwaretest.shikebackend.mapper.UserMapper">

    <resultMap id="BaseResultMap" type="com.tongji.softwaretest.shikebackend.entity.User">
        <id column="user_id" jdbcType="INTEGER" property="userId" />
        <result column="user_name" jdbcType="VARCHAR" property="userName" />
        <result column="user_password" jdbcType="VARCHAR" property="userPassword" />
        <result column="user_image" jdbcType="VARCHAR" property="userImage" />
        <result column="user_tel" jdbcType="VARCHAR" property="userTel" />
    </resultMap>
    <delete id="deleteByPrimaryKey" parameterType="java.lang.Integer">
        delete from t_user
        where user_id = #{userId,jdbcType=INTEGER}
    </delete>
    <insert id="insert" parameterType="com.tongji.softwaretest.shikebackend.entity.User">
        insert into t_user (user_id, user_name, user_password,
        user_image, user_tel)
        values (#{userId,jdbcType=INTEGER}, #{userName,jdbcType=VARCHAR}, #{userPassword,jdbcType=VARCHAR},
        #{userImage,jdbcType=VARCHAR}, #{userTel,jdbcType=VARCHAR})
    </insert>
    <update id="updateByPrimaryKey" parameterType="com.tongji.softwaretest.shikebackend.entity.User">
        update t_user
        set user_name = #{userName,jdbcType=VARCHAR},
        user_password = #{userPassword,jdbcType=VARCHAR},
        user_image = #{userImage,jdbcType=VARCHAR},
        user_tel = #{userTel,jdbcType=VARCHAR}
        where user_id = #{userId,jdbcType=INTEGER}
    </update>
    <select id="selectByPrimaryKey" parameterType="java.lang.Integer" resultMap="BaseResultMap">
        select user_id, user_name, user_password, user_image, user_tel
        from t_user
        where user_id = #{userId,jdbcType=INTEGER}
    </select>
    <select id="selectAll" resultMap="BaseResultMap">
        select user_id, user_name, user_password, user_image, user_tel
        from t_user
    </select>

</mapper>